Type,Name,Request Count,Failure Count,Median Response Time,Average Response Time,Min Response Time,Max Response Time,Average Content Size,Requests/s,Failures/s,50%,66%,75%,80%,90%,95%,98%,99%,99.9%,99.99%,100%
GET,/activities?limit=1,500,0,11,11.394159199669957,1.9039000035263598,29.944899957627058,246.0,0.8341549863816567,0.0,11,13,14,15,16,23,26,27,30,30,30
POST,/auth/login,500,0,2100.0,2074.7877989994595,2051.290599978529,2130.1680999458767,206.0,0.8341549863816567,0.0,2100,2100,2100,2100,2100,2100,2100,2100,2100,2100,2100
POST,/evidences/[id]/upload-complete,10367,10367,3,793.4432252054069,0.6864999886602163,2244.195299979765,22.0,17.29536948763727,17.29536948763727,3,2100,2100,2100,2100,2100,2100,2100,2200,2200,2200
POST,/evidences/upload-init,31937,3,3,806.3819176189971,0.8624999900348485,2248.359300021548,135.9872248489213,53.28081560014194,0.005004929918289941,3,2100,2100,2100,2100,2100,2100,2100,2200,2200,2200
PUT,/gcs/signed-url,31258,31258,2,4.234441346451277,0.457499991171062,188.00399999599904,0.0,52.14803312863565,52.14803312863565,2,3,4,6,10,12,18,37,97,170,190
,Aggregated,74562,41628,3,471.48006176617275,0.457499991171062,2248.359300021548,64.33703495077921,124.39252818917818,69.4484075461912,3,6,13,2100,2100,2100,2100,2100,2100,2200,2200
