Type,Name,Request Count,Failure Count,Median Response Time,Average Response Time,Min Response Time,Max Response Time,Average Content Size,Requests/s,Failures/s,50%,66%,75%,80%,90%,95%,98%,99%,99.9%,99.99%,100%
POST,/auth/login,220,0,2100.0,2095.623532271764,2044.9460000381805,2140.3510000091046,206.0,19.67440272554351,0.0,2100,2100,2100,2100,2100,2100,2100,2100,2100,2100,2100
,Aggregated,220,0,2100.0,2095.623532271764,2044.9460000381805,2140.3510000091046,206.0,19.67440272554351,0.0,2100,2100,2100,2100,2100,2100,2100,2100,2100,2100,2100
